username,name,password
s,s,s
qw,qw,qw
1,1,1
2,2,2
as,as,as
re,re,re
dd,dd,dd
ss,ss,ss
ad,ad,ad
b,b,b
dd,dd,dd
t,t,t
rr,rr,rr
yy,yy,yy
ss,ss,ss
dd,dd,dd
d,d,d
f,f,f
d,d,d
e,e,e
ss,ss,s
g,g,g
2,2,2
1,1,1
s,s,s
g,g,g
a,a,a
t,t,t
1,1,1
2,2,2
1,1,1
2,2,2
1,1,1
2,2,2
e,e,e
t,t,t
y,y,y
1,1,1
2,2,2
3,3,3
1,1,1
2,2,2
3,3,3
aa,aa,aa
1,1,1
2,2,2
sss,sss,sss
d,d,d
a,a,a
s,s,s
d,d,d
s,s,s
a,a,a
s,s,s
e,e,e
d,d,d
g,g,g
h,h,h
s,s,s
r,r,r
h,h,h
s,s,s
r,r,r
2,2,2
1,1,1
s,s,s
r,r,r
f,f,f
d,d,d
f,f,f
g,g,g
stt,stt,t
s,s,s
d,d,d
ssss,ssss,s
1,1,1
2,2,2
2,2,2
1,1,1
1,1,1
2,2,2
3,3,3
2,2,2
1,1,1
3,3,3
s,s,s
d,d,d
b,b,b
s,s,s
ư,ư,ư
q,q,q
s,s,s
r,r,r
1,1,1
2,2,2
3,3,3
1,1,1
2,2,2
3,3,3
1,1,1
2,2,2
3,3,3
1,1,1
2,2,2
3,3,3
123,123,123
1,1,1
3,3,3
1,1,1
2,2,2
3,3,3
1,1,1
2,2,2
3,3,3
1,1,1
2,2,2
3,3,3
2,2,2
1,1,1
3,3,3
1,1,1
2,2,2
3,3,3
1,1,1
2,2,2
3,3,3
1,1,1
2,2,2
3,3,3
1,1,1
2,2,2
3,3,3
1,1,1
2,2,2
3,3,3
1,1,1
123,123,123
2,2,2
1,1,1
2,2,2
3,3,3
1,1,1
2,2,2
3,3,3
12,12,12
1,1,1
3,3,3
11,11,11
2,2,2
3,3,3
1,1,1
2,2,2
3,3,3
1,1,1
2,2,2
3,3,3
4,4,4
s,s,s
tt,tt,t
3,3,3
4,4,4
k,k,k
l,l,l
t,t,t
r,r,r
1,1,1
2,2,22
123,123,123
1233,1233,33
1,1,1
2,2,2
1,1,1
2,2,2
12,12,12
23,23,23
123,123,123
1,1,1
2,2,2
1,1,1
2,2,2
1,1,1
3,3,3
1,1,1
2,2,2
1,1,1
2,2,2
1,1,1
2,2,2
1,1,1
2,2,2
1,1,1
2,2,2
1,1,1
2,2,2
1,1,1
2,2,2
1,1,1
2,2,2
1,1,1
2,2,2
1,1,1
2,2,2
1,1,1
2,2,2
1,1,1
2,2,2
1,1,1
2,2,2
1,1,1
2,2,2
1,1,1
2,2,2
1,1,1
2,2,2
1,1,1
2,2,2
1,1,1
2,2,2
1,1,1
2,2,2
1,1,1
2,2,2
12,12,12
12,12,12
1,1,1
2,2,2
1,1,1
2,2,2
1,1,1
2,2,2
1,1,1
2,2,2
1,1,1
2,2,2
1,1,1
2,2,2
1,1,1
2,2,2
s,s,s
r,r,r
1,1,1
2,2,2
1,1,1
2,2,2
1,1,1
2,2,2
3,3,3
1,1,1
2,2,2
12321,12321,1
1,1,1
2,2,2
g,g,g
k,k,k
1,1,1
22,22,2
1,1,1
2,2,2
1,1,1
2,2,2
1,1,1
2,2,2
1,1,1
2,2,2
1,1,1
2,2,2
1,1,1
2,2,2
1,1,1
2,2,2
3,3,3
1,1,1
2,2,2
3,3,3
1,1,1
2,2,2
3,3,3
1,1,1
2,2,2
3,3,3
1,1,1
2,2,2
3,3,3
1,1,1
2,2,2
2,2,2
1,1,1
1,1,1
2,2,2
f,f,f
d,d,d
g,g,g
s,s,s
d,d,d
1,1,1
2,2,2
1,1,1
g,g,g
s,s,s
r,r,r
s,s,s
f,f,f
ss,ss,ss
ff,ff,ff
1,1,1
2,2,2
d,d,d
t,t,t
s,s,s
f,f,f
f,f,f
j,j,j
l,l,l
s,s,s
h,h,h
s,s,s
ff,ff,f
v,v,v
l,l,l
f,f,f
g,g,g
s,s,s
1,1,1
2,2,2
1,1,1
2,2,22
s,s,s
f,f,f
s,s,s
s,s,s
s,s,s
f,f,f
f,f,f
g,g,g
1,1,1
2,2,2
1,1,1
2,2,2
s,s,s
d,d,d
ff,ff,ff
gg,gg,gg
1,1,1
2,2,2
s,s,s
d,d,d
1,1,1
2,2,2
h,h,h
s,s,s
b,b,b
g,g,g
gh,gh,g
b,b,bb
ư,ư,ư
f,f,f
1,1,1
2,2,2
d,d,d
f,f,f
s,s,s
d,d,d
s,s,s
d,d,d
đ,đ,đ
f,f,f
g,g,g
h,h,h
1,1,1
2,2,2
ss,ss,ss
đ,đ,đ
